Papel,Segmento,Cotacao,FFO_Yield,Dividend_Yield,PVP,Valor_de_Mercado,Liquidez,Qtd_de_Imoveis,Preco_m2,Aluguel_m2,Cap_Rate,Vacancia_Media
AAZQ11,Outros,"7,99","13,11%","7,02%","0,92",192.058.000,679.849,0,"0,00","0,00","0,00%","0,00%"
ABCP11,Shoppings,"79,80","9,56%","9,69%","0,72",375.785.000,71.903,1,"5.242,97","634,43","12,10%","1,22%"
AEFI11,Outros,"174,90","8,55%","0,00%","1,75",411.893.000,0,0,"0,00","0,00","0,00%","0,00%"
AERO11,Logística,"100,01","0,00%","0,00%","1,01",62.732.400,470.210,0,"0,00","0,00","0,00%","0,00%"
AFCR11,Multicategoria,"103,15","12,61%","0,00%","1,07",498.867.000,0,0,"0,00","0,00","0,00%","0,00%"
AFHF11,Outros,"10,00","7,42%","10,11%","0,98",50.000.000,156.445,0,"0,00","0,00","0,00%","0,00%"
AFHI11,Multicategoria,"95,30","11,50%","12,54%","1,00",456.410.000,833.091,0,"0,00","0,00","0,00%","0,00%"
AFOF11,Títulos e Val. Mob.,"91,60","0,82%","0,00%","12,28",1.390.540.000,0,0,"0,00","0,00","0,00%","0,00%"
AGCX11,Varejo,"1.235,50","0,53%","0,00%","11,57",19.291.500.000,0,82,"63.941,30","468,90","0,73%","3,86%"
AGRX11,Outros,"8,93","7,71%","7,07%","0,85",159.875.000,311.635,0,"0,00","0,00","0,00%","0,00%"
AIEC11,Escritórios,"59,75","6,11%","6,71%","0,78",288.293.000,705.485,2,"11.361,70","906,47","7,98%","0,00%"
AJFI11,Shoppings,"8,30","8,46%","7,79%","0,74",262.496.000,321.846,12,"594,16","58,86","9,91%","3,30%"
ALMI11,Escritórios,"698,99","6,63%","6,37%","0,34",77.711.600,12.644,1,"1.692,70","229,74","13,57%","46,80%"
ALZC11,Outros,"7,96","12,08%","16,13%","0,87",157.142.000,351.202,0,"0,00","0,00","0,00%","0,00%"
ALZM11,Títulos e Val. Mob.,"6,40","11,76%","0,00%","0,86",97.155.500,0,0,"0,00","0,00","0,00%","0,00%"
ALZR11,Multicategoria,"10,75","9,20%","9,26%","1,01",1.314.360.000,2.359.860,23,"3.462,30","291,22","8,41%","11,25%"
ALZT11,Títulos e Val. Mob.,"33,00","15,52%","0,00%","0,79",16.500.000,0,0,"0,00","0,00","0,00%","0,00%"
ANCR11,Shoppings,"492,30","1,60%","0,29%","4,08",17.091.500.000,2.605,10,"38.735,60","970,07","2,50%","4,13%"
APTO11,Residencial,"8,42","12,80%","12,52%","0,86",38.835.000,33.991,3,"16.396,10","1.112,22","6,78%","0,00%"
APXM11,Shoppings,"72,75","5,32%","5,98%","0,57",205.820.000,626.354,1,"1.140,01","161,31","14,15%","100,00%"
ARCT11,Multicategoria,"87,13","-60,77%","0,00%","0,86",368.999.000,0,12,"1.100,84","99,19","9,01%","0,00%"
AROA11,Multicategoria,"1,13","7,13%","7,35%","1,19",189.757.000,5.282,6,"1.404,20","112,02","7,98%","0,00%"
ARRI11,Multicategoria,"6,79","10,82%","15,69%","0,81",140.736.000,261.712,0,"0,00","0,00","0,00%","0,00%"
ARXD11,Multicategoria,"7,90","14,98%","13,87%","0,87",69.743.500,70.331,0,"0,00","0,00","0,00%","0,00%"
ASMT11,Outros,"4,10","6,27%","0,00%","0,41",70.113.800,518,3,"4.554,15","766,71","16,84%","0,00%"
ASRF11,Multicategoria,"10.974,00","-1,08%","0,00%","1,03",43.896.000,8.505,2,"6.826,24","0,00","0,00%","0,00%"
ATSA11,Shoppings,"67,35","5,55%","3,99%","0,91",117.939.000,607,1,"3.436,32","206,18","6,00%","16,68%"
AURB11,Logística,"76,21","5,94%","3,67%","0,94",82.747.300,225.000,2,"2.040,06","170,78","8,37%","0,00%"
AZPL11,Logística,"7,65","7,23%","12,41%","0,89",320.709.000,810.665,1,"1.529,99","132,78","8,68%","0,00%"
BARI11,Outros,"79,20","13,79%","7,22%","1,01",367.028.000,0,1,"0,00","0,00","0,00%","0,00%"
BBFI11,Escritórios,"629,00","-5,43%","99,06%","18,55",81.770.000,0,0,"0,00","0,00","0,00%","0,00%"
BBFO11,Multicategoria,"72,00","14,94%","12,39%","0,93",288.281.000,627.240,0,"0,00","0,00","0,00%","0,00%"
BBGO11,Outros,"77,01","19,38%","8,89%","0,83",308.438.000,530.460,0,"0,00","0,00","0,00%","0,00%"
BBIG11,Shoppings,"7,00","16,35%","13,59%","0,72",693.847.000,1.377.570,3,"9.705,81","738,66","7,61%","1,60%"
BBPO11,Escritórios,"96,75","10,42%","0,00%","0,95",1.540.230.000,0,61,"3.690,03","479,56","13,00%","1,44%"
BBRC11,Outros,"104,01","11,34%","12,92%","0,99",165.376.000,117.772,21,"9.685,82","1.304,20","13,47%","12,53%"
BBVJ11,Escritórios,"62,99","2,23%","0,00%","0,86",197.789.000,0,1,"10.225,30","570,89","5,58%","43,70%"
BCFF11,Títulos e Val. Mob.,"7,35","8,06%","0,00%","0,84",1.480.960.000,0,0,"0,00","0,00","0,00%","0,00%"
BCIA11,Multicategoria,"94,49","11,64%","11,68%","0,90",351.412.000,578.179,0,"0,00","0,00","0,00%","0,00%"
BCRI11,Outros,"63,60","14,02%","15,53%","0,75",398.001.000,653.786,0,"0,00","0,00","0,00%","0,00%"
BFCC11,Escritórios,"102,06","4,87%","1,30%","1,04",847.547.000,8,1,"26.058,30","1.823,67","7,00%","0,00%"
BGRB11,Escritórios,"115,10","4,82%","5,16%","0,97",222.481.000,14.047,1,"45.220,10","2.916,01","6,45%","2,85%"
BICE11,Outros,"888,00","5,28%","5,29%","0,80",118.472.000,44,0,"0,00","0,00","0,00%","0,00%"
BICR11,Títulos e Val. Mob.,"35,92","14,26%","6,42%","0,86",17.960.000,0,0,"0,00","0,00","0,00%","0,00%"
BIME11,Outros,"6,55","10,14%","14,47%","0,77",38.288.700,51.978,1,"266,25","0,00","0,00%","0,00%"
BIPD11,Outros,"989,33","-2,41%","6,81%","1,03",109.261.000,0,2,"7.997,96","0,00","0,00%","0,00%"
BLCA11,Escritórios,"93,95","6,73%","6,75%","0,73",150.320.000,109.176,1,"35.463,90","3.084,95","8,70%","0,00%"
BLCP11,Logística,"91,00","5,41%","0,00%","0,81",208.962.000,0,2,"3.014,16","199,89","6,63%","0,00%"
BLMC11,Títulos e Val. Mob.,"85,75","11,10%","0,00%","0,91",34.257.100,0,0,"0,00","0,00","0,00%","0,00%"
BLMG11,Multicategoria,"34,51","11,74%","12,76%","0,74",161.319.000,265.910,1,"2.520,05","317,61","12,60%","0,00%"
BLMO11,Escritórios,"85,00","7,20%","7,53%","0,86",84.559.200,346.001,1,"10.261,30","965,29","9,41%","0,00%"
BLMR11,Títulos e Val. Mob.,"6,78","10,17%","0,00%","0,84",173.172.000,0,0,"0,00","0,00","0,00%","0,00%"
BLOG11,Multicategoria,"8,49","4,04%","3,40%","0,75",261.464.000,169,6,"2.035,30","145,71","7,16%","12,80%"
BLUR11,Títulos e Val. Mob.,"76,03","10,06%","1,96%","0,99",6.842.700,0,0,"0,00","0,00","0,00%","0,00%"
BMLC11,Outros,"102,20","8,12%","8,19%","0,90",102.037.000,10.881,1,"16.468,80","1.519,94","9,23%","0,00%"
BNFS11,Varejo,"66,48","17,62%","15,80%","0,95",46.536.000,80.404,18,"4.190,17","886,22","21,15%","0,44%"
BPFF11,Outros,"54,52","16,27%","8,74%","0,78",244.922.000,0,0,"0,00","0,00","0,00%","0,00%"
BPML11,Multicategoria,"99,99","9,45%","11,32%","0,81",744.100.000,3.677.530,4,"5.608,32","731,14","13,04%","8,23%"
BPRP11,Outros,"107,50","10,56%","0,00%","0,86",145.107.000,0,1,"6.230,68","692,07","11,11%","0,00%"
BRCO11,Logística,"121,10","6,25%","8,74%","1,04",2.182.380.000,5.498.080,12,"4.859,04","338,24","6,96%","7,59%"
BRCR11,Multicategoria,"47,92","10,89%","10,33%","0,56",1.276.500.000,2.617.730,6,"5.104,47","699,38","13,70%","3,22%"
BREV11,Híbrido,"105,00","6,59%","0,00%","0,00",101.556.000,0,13,"0,00","1.437,55","0,00%","0,00%"
BRIM11,Residencial,"270,00","-5,55%","0,00%","3,09",33.517.000,21.533,0,"0,00","0,00","0,00%","0,00%"
BRIP11,Multicategoria,"444,99","-7,64%","6,43%","0,80",95.884.200,8.602,0,"0,00","0,00","0,00%","0,00%"
BRLA11,Logística,"148,00","7,73%","5,33%","0,89",724.795.000,0,10,"1.083,60","86,30","7,96%","0,00%"
BROF11,Multicategoria,"62,50","10,85%","10,29%","0,57",725.676.000,471.373,1,"8.191,75","1.203,95","14,70%","9,64%"
BTAL11,Logística,"92,07","12,35%","10,64%","0,79",550.831.000,768.699,9,"1.502,54","186,41","12,41%","0,00%"
BTCI11,Outros,"9,27","12,84%","12,40%","0,92",922.561.000,2.788.640,0,"0,00","0,00","0,00%","0,00%"
BTCR11,Títulos e Val. Mob.,"88,00","12,48%","0,00%","0,92",423.289.000,0,0,"0,00","0,00","0,00%","0,00%"
BTHF11,Outros,"9,41","11,59%","11,93%","0,93",1.937.020.000,4.869.410,0,"0,00","0,00","0,00%","0,00%"
BTHI11,Hotel,"43,40","10,78%","10,45%","0,67",400.083.000,59.642,14,"7.968,32","851,60","10,69%","0,00%"
BTLG11,Multicategoria,"102,94","7,45%","9,09%","1,00",5.487.770.000,15.473.000,30,"3.603,59","259,60","7,20%","3,02%"
BTML11,Shoppings,"111,28","10,05%","11,30%","0,87",126.206.000,0,2,"22.543,70","2.388,55","10,60%","9,70%"
BTRA11,Outros,"68,95","9,08%","6,99%","0,61",231.986.000,283.459,5,"1,60","0,16","9,89%","5,76%"
BTSG11,Logística,"146,92","8,00%","8,08%","0,94",113.865.000,0,1,"6.039,20","523,02","8,66%","0,00%"
BTSI11,Outros,"109,59","6,49%","8,83%","0,89",698.522.000,0,5,"2.070,55","142,22","6,87%","0,00%"
BTWR11,Escritórios,"105,49","7,66%","7,59%","0,89",85.369.900,3,1,"4.254,07","476,93","11,21%","8,00%"
BTYU11,Outros,"9,13","14,81%","14,21%","0,90",273.900.000,6.134,0,"0,00","0,00","0,00%","0,00%"
BVAR11,Varejo,"1.260,89","3,94%","5,99%","1,62",788.737.000,32,43,"5.428,88","359,61","6,62%","20,19%"
CACR11,Multicategoria,"79,16","15,51%","19,84%","0,83",382.843.000,2.065.320,0,"0,00","0,00","0,00%","0,00%"
CARE11,Multicategoria,"5,21","0,27%","0,00%","0,75",187.592.000,7.525,1,"0,00","0,00","0,00%","0,00%"
CBOP11,Escritórios,"39,76","3,83%","4,29%","0,55",56.260.400,14.655,1,"3.324,11","324,97","9,78%","23,20%"
CCME11,Multicategoria,"8,87","12,16%","11,43%","0,84",601.360.000,293.108,1,"6.508,64","571,13","8,78%","27,98%"
CCRF11,Títulos e Val. Mob.,"92,50","7,16%","0,00%","0,95",145.401.000,0,0,"0,00","0,00","0,00%","0,00%"
CCVA11,Hospital,"100,07","6,76%","6,81%","0,97",62.816.300,0,1,"2.112,40","275,98","13,06%","2,25%"
CEOC11,Escritórios,"43,37","13,12%","12,94%","0,64",78.746.700,36.258,1,"0,00","770,13","0,00%","0,00%"
CFHI11,Multicategoria,"20,10","58,95%","37,08%","0,76",1.901.460,0,4,"0,00","0,00","0,00%","0,00%"
CFII11,Multicategoria,"768,97","1,51%","26,11%","1,06",97.135.500,60,9,"16.282,20","879,23","5,40%","0,00%"
CJCT11,Escritórios,"63,66","4,23%","4,36%","0,86",199.892.000,344.953,1,"10.414,80","780,92","7,50%","30,10%"
CLIN11,Outros,"92,07","13,42%","13,14%","0,94",400.206.000,1.045.590,0,"0,00","0,00","0,00%","0,00%"
CNES11,Escritórios,"1,55","5,65%","4,78%","0,24",52.909.000,117.365,1,"163,63","36,34","22,21%","54,70%"
COPP11,Outros,"103,00","4,99%","0,00%","0,94",290.462.000,0,3,"5,42","0,25","4,63%","18,00%"
CORM11,Outros,"81,00","4,57%","0,00%","0,85",87.581.800,0,3,"7.193,96","755,12","10,50%","0,00%"
CPFF11,Títulos e Val. Mob.,"69,90","18,07%","0,00%","1,12",75.470.800,0,0,"0,00","0,00","0,00%","0,00%"
CPLG11,Logística,"11,87","-0,12%","11,86%","1,10",516.850.000,11.275.500,2,"15,10","0,00","0,00%","0,00%"
CPOF11,Outros,"109,80","4,62%","5,51%","1,03",524.010.000,21.678.300,4,"4,48","0,27","6,10%","3,00%"
CPSH11,Shoppings,"10,62","5,11%","12,01%","0,93",846.412.000,8.859.900,8,"553,66","71,90","12,99%","0,00%"
CPTR11,Outros,"8,55","111,52%","7,68%","0,87",169.501.000,344.299,0,"0,00","0,00","0,00%","0,00%"
CPTS11,Outros,"8,12","5,68%","12,69%","0,88",2.827.760.000,8.669.500,0,"0,00","0,00","0,00%","0,00%"
CPUR11,Multicategoria,"10,30","8,67%","10,64%","1,05",698.605.000,597.034,14,"8.719,61","548,41","6,29%","0,71%"
CRAA11,Títulos e Val. Mob.,"104,15","7,75%","6,16%","1,02",246.818.000,936.752,0,"0,00","0,00","0,00%","0,00%"
CRFF11,Multicategoria,"76,00","9,29%","10,47%","0,87",52.443.000,12.237,0,"0,00","0,00","0,00%","0,00%"
CTXT11,Escritórios,"5,50","-20,82%","0,00%","0,31",29.617.000,979,1,"637,24","5,64","0,88%","100,00%"
CVBI11,Outros,"82,78","14,59%","14,35%","0,89",911.427.000,3.128.870,0,"0,00","0,00","0,00%","0,00%"
CXAG11,Varejo,"76,62","11,81%","11,73%","0,69",160.183.000,191.145,31,"2.786,78","365,53","13,12%","0,00%"
CXCE11,Escritórios,"42,73","13,35%","12,71%","0,68",73.194.400,24.608,1,"3.436,17","498,88","14,52%","0,00%"
CXCI11,Multicategoria,"73,50","13,03%","12,57%","0,83",151.243.000,101.821,0,"0,00","0,00","0,00%","0,00%"
CXCO11,Multicategoria,"72,18","12,57%","12,07%","0,76",283.270.000,158.906,10,"3.030,68","423,22","13,96%","0,00%"
CXRI11,Multicategoria,"67,13","10,62%","11,45%","0,77",105.781.000,23.567,0,"0,00","0,00","0,00%","0,00%"
CXTL11,Logística,"340,00","4,68%","2,98%","0,82",18.223.000,4.893,1,"2.565,32","500,73","19,52%","0,00%"
DAMA11,Multicategoria,"6,74","13,69%","14,29%","0,81",37.319.600,7.862,0,"0,00","0,00","0,00%","0,00%"
DAMT11,Shoppings,"12,76","7,30%","7,40%","0,88",226.870.000,203,2,"1.257,70","139,55","11,10%","3,29%"
DAYM11,Outros,"4,10","8,26%","5,85%","0,41",70.113.800,8.456,6,"3.199,62","666,45","20,83%","9,60%"
DCRA11,Outros,"7,45","19,02%","7,77%","0,77",50.204.800,103.378,0,"0,00","0,00","0,00%","0,00%"
DEVA11,Multicategoria,"24,28","19,19%","18,50%","0,25",341.010.000,919.865,0,"0,00","0,00","0,00%","0,00%"
DMAC11,Residencial,"13,00","-758,50%","0,00%","2,61",2.029.400,0,0,"0,00","0,00","0,00%","0,00%"
DOMC11,Multicategoria,"439,00","0,78%","0,00%","4,13",1.072.830.000,0,2,"25.593,60","364,83","1,43%","13,30%"
DOVL11,Escritórios,"650,35","13,32%","12,97%","1,12",43.187.100,0,2,"2.438,84","603,18","24,73%","0,00%"
DPRO11,Multicategoria,"5,90","12,14%","11,75%","0,63",29.519.000,1.313,1,"1.754,19","260,42","14,85%","0,00%"
DRIT11,Lajes Corporativas,"8,68","69,70%","1,70%","0,06",4.021.240,0,5,"400,14","474,83","118,67%","0,00%"
DVFF11,Outros,"5,83","13,64%","13,22%","0,66",64.185.400,93.980,0,"0,00","0,00","0,00%","0,00%"
EDFO11,Residencial,"120,00","10,59%","9,02%","0,56",28.320.000,22.333,1,"79.446,80","12.228,57","15,39%","100,05%"
EDGA11,Multicategoria,"14,70","3,66%","3,36%","0,33",56.037.200,15.784,1,"2.183,07","297,35","13,62%","24,38%"
EDGE11,Multicategoria,"1.071,80","12,83%","6,86%","0,89",12.255.000,27,0,"0,00","0,00","0,00%","0,00%"
EGAF11,Títulos e Val. Mob.,"97,47","12,99%","7,39%","0,98",305.268.000,873.960,0,"0,00","0,00","0,00%","0,00%"
EIRA11,Multicategoria,"104,50","9,69%","11,25%","0,99",20.951.200,1.797,0,"0,00","0,00","0,00%","0,00%"
ELDO11B,Shoppings,"1.104,31","11,11%","4,46%","0,61",869.375.000,0,1,"10.664,00","1.402,32","13,15%","0,49%"
EMET11,Multicategoria,"10,22","4,85%","11,52%","1,04",51.100.000,89.907,0,"0,00","0,00","0,00%","0,00%"
EQIN11,Multicategoria,"7,29","15,31%","0,00%","0,81",122.098.000,0,0,"0,00","0,00","0,00%","0,00%"
EQIR11,Multicategoria,"8,56","13,49%","13,89%","0,89",93.383.700,126.620,0,"0,00","0,00","0,00%","0,00%"
ERCR11,Residencial,"76.000,00","-0,26%","0,00%","6,61",180.576.000,0,0,"0,00","0,00","0,00%","0,00%"
ERPA11,Multicategoria,"126,10","6,42%","8,89%","0,76",63.166.300,6.537,1,"18.699,90","1.374,95","7,35%","0,00%"
EURO11,Logística,"336,03","7,36%","7,19%","0,85",129.014.000,41.163,7,"1.090,36","94,44","8,66%","0,00%"
EVBI11,Multicategoria,"9,50","4,93%","5,59%","0,97",546.231.000,0,11,"6.565,94","343,08","5,23%","0,49%"
EXES11,Multicategoria,"9,42","10,05%","16,32%","0,95",132.836.000,138.977,0,"0,00","0,00","0,00%","0,00%"
FAED11,Outros,"152,86","13,09%","13,12%","0,69",105.837.000,96.799,4,"0,00","317,12","0,00%","0,00%"
FAMB11,Residencial,"1.050,00","-3,01%","0,00%","1,06",128.665.000,41.857,1,"2.117,92","76,44","3,61%","98,01%"
FATN11,Multicategoria,"86,69","4,65%","6,29%","0,90",505.354.000,2.124.030,56,"29.367,70","2.564,26","8,73%","3,93%"
FCFL11,Multicategoria,"125,98","8,63%","8,55%","1,03",437.656.000,204.026,1,"14.263,70","1.258,30","8,82%","0,00%"
FEXC11,Outros,"83,50","1,31%","0,00%","8,44",8.310.020.000,0,0,"0,00","0,00","0,00%","0,00%"
FFCI11,Escritórios,"182,03","3,63%","0,00%","0,90",671.817.000,0,9,"17.089,90","1.216,83","7,12%","6,49%"
FGAA11,Outros,"9,16","14,43%","12,45%","0,97",412.946.000,1.184.740,0,"0,00","0,00","0,00%","0,00%"
FIGS11,Shoppings,"50,86","10,54%","11,03%","0,72",144.951.000,253.732,2,"2.202,74","235,59","10,70%","5,06%"
FIIB11,Logística,"460,00","10,06%","9,34%","0,78",315.100.000,1.024.430,11,"572,45","64,00","11,18%","1,10%"
FIIP11,Logística,"137,20","12,89%","12,13%","0,69",127.207.000,642.000,7,"1.817,33","265,87","14,63%","0,00%"
FISC11,Escritórios,"62,65","9,43%","10,47%","0,56",106.505.000,1.659,4,"8.513,86","1.031,88","12,12%","4,19%"
FISD11,Títulos e Val. Mob.,"203,32","-21,06%","0,00%","3,41",218.079.000,0,1,"0,00","0,00","0,00%","0,00%"
FIXX11,Outros,"94,10","1,43%","0,00%","7,15",1.764.010.000,102.934,0,"0,00","0,00","0,00%","0,00%"
FLCR11,Outros,"95,00","18,39%","13,88%","1,00",71.425.200,216.354,0,"0,00","0,00","0,00%","0,00%"
FLFL11,Escritórios,"100,00","6,93%","0,00%","0,73",345.426.000,0,1,"31.150,90","2.391,66","7,68%","29,13%"
FLMA11,Escritórios,"158,50","8,29%","8,15%","0,63",218.836.000,55.527,1,"19.185,90","2.026,76","10,56%","0,00%"
FLRP11,Shoppings,"20,99","8,91%","8,88%","0,99",158.744.000,22.776,1,"3.101,24","297,84","9,60%","1,65%"
FMOF11,Escritórios,"38,00","9,19%","19,00%","0,82",19.304.300,3.934,1,"0,00","257,82","0,00%","4,17%"
FPAB11,Escritórios,"209,01","6,49%","9,52%","0,58",156.758.000,14.697,2,"4.264,63","386,54","9,06%","19,00%"
FPNG11,Multicategoria,"465,05","1,26%","1,02%","2,18",1.415.360.000,23,8,"138.455,00","3.127,01","2,26%","2,29%"
FRBR11,Multicategoria,"103,71","9,23%","0,00%","1,08",1.324.330.000,0,0,"0,00","0,00","0,00%","0,00%"
FTCA11,Outros,"9,57","17,07%","8,05%","0,90",42.681.700,107.838,0,"0,00","0,00","0,00%","0,00%"
FTCE11,Multicategoria,"2.894,66","-12,09%","1,97%","1,00",3.835.220.000,0,84,"22.005,90","745,98","3,39%","33,76%"
FVBI11,Lajes Corporativas,"159,71","0,00%","0,00%","0,00",0,0,1,"0,00","636,95","0,00%","0,00%"
FVPQ11,Shoppings,"67,00","8,42%","7,67%","0,71",187.610.000,99.402,1,"3.150,59","461,37","14,64%","10,39%"
FYTO11,Multicategoria,"8,44","14,49%","14,31%","0,85",128.975.000,174.409,0,"0,00","0,00","0,00%","0,00%"
FZDA11,Outros,"120,52","3,50%","3,29%","0,66",186.806.000,5.496,6,"2,13","0,09","4,23%","0,00%"
FZDB11,Outros,"146,84","2,72%","2,77%","0,82",528.624.000,3.179,40,"3,77","0,13","3,34%","0,00%"
GALG11,Multicategoria,"9,08","7,99%","0,00%","0,98",1.338.920.000,0,4,"327,63","27,64","8,44%","0,00%"
GAME11,Outros,"9,10","4,98%","12,44%","0,93",258.678.000,153.923,0,"0,00","0,00","0,00%","0,00%"
GARE11,Multicategoria,"8,41","3,67%","11,73%","0,88",2.432.060.000,18.541.700,3,"188,46","27,09","14,37%","0,00%"
GCFF11,Títulos e Val. Mob.,"69,30","12,04%","0,00%","0,89",24.981.100,0,0,"0,00","0,00","0,00%","0,00%"
GCOI11,Residencial,"72,87","-7,20%","36,67%","0,99",8.234.310,692,0,"0,00","0,00","0,00%","0,00%"
GCRA11,Multicategoria,"55,70","12,82%","7,53%","0,65",97.523.200,220.050,0,"0,00","0,00","0,00%","0,00%"
GCRI11,Multicategoria,"68,49","12,65%","14,54%","0,76",99.574.800,205.747,1,"0,00","0,00","0,00%","0,00%"
GESE11B,Outros,"1.520,00","11,39%","0,00%","1,36",79.040.000,0,1,"0,00","725,37","0,00%","0,00%"
GFDL11,Logística,"111,84","-0,36%","0,14%","1,14",28.511.000,19.937,0,"0,00","0,00","0,00%","0,00%"
GGRC11,Multicategoria,"10,22","6,97%","11,67%","0,91",2.189.630.000,9.603.450,41,"2.225,29","237,34","10,67%","0,00%"
GLCR11,Multicategoria,"100,07","8,70%","8,58%","0,99",36.036.200,3.010,0,"0,00","0,00","0,00%","0,00%"
GLOG11,Logística,"71,00","7,05%","7,03%","0,65",53.250.000,298.622,1,"740,91","73,32","9,90%","0,00%"
GLPF11,Logística,"105,67","9,28%","10,07%","1,03",159.033.000,62.445,0,"0,00","0,00","0,00%","0,00%"
GRLV11,Logística,"145,50","5,72%","0,00%","24,38",156.199.000,0,1,"0,00","183,00","0,00%","3,69%"
GRUL11,Logística,"8,73","13,60%","12,56%","0,91",215.631.000,323.777,1,"3.601,65","512,20","14,22%","0,00%"
GRWA11,Outros,"7,99","12,17%","5,78%","0,79",22.040.300,12.702,0,"0,00","0,00","0,00%","0,00%"
GSFI11,Shoppings,"11,00","0,00%","0,00%","0,87",1.057.170.000,13.966.400,0,"0,00","0,00","0,00%","0,00%"
GTLG11,Logística,"63,99","13,75%","0,00%","0,70",459.000.000,0,5,"2.714,27","318,12","11,72%","1,69%"
GTWR11,Escritórios,"85,44","12,58%","12,27%","0,84",1.025.280.000,838.653,3,"6.161,41","801,81","13,01%","0,00%"
GURB11,Shoppings,"108,00","10,46%","0,00%","0,94",122.597.000,0,2,"21.746,70","2.369,56","10,90%","9,70%"
GWIR11,Shoppings,"175,99","2,80%","0,00%","0,74",67.231.200,0,0,"0,00","0,00","4,21%","0,00%"
GZIT11,Multicategoria,"45,43","11,71%","21,34%","0,50",992.247.000,939.785,4,"9.839,42","1.375,05","13,97%","3,42%"
HAAA11,Escritórios,"58,45","4,71%","2,20%","0,90",201.945.000,4.842,2,"16.679,00","1.163,02","6,97%","17,10%"
HABT11,Multicategoria,"76,37","14,84%","15,81%","0,80",620.642.000,1.369.970,0,"0,00","0,00","0,00%","0,00%"
HBCR11,Multicategoria,"135,10","5,62%","9,96%","1,15",216.160.000,839.148,3,"1.794,07","207,09","11,54%","0,00%"
HBRH11,Multicategoria,"90,80","4,63%","0,00%","0,81",256.345.000,0,5,"8.349,82","606,90","7,27%","2,83%"
HBTT11,Títulos e Val. Mob.,"1.055,00","6,53%","0,00%","1,19",190.126.000,0,0,"0,00","0,00","0,00%","0,00%"
HCHG11,Outros,"80,25","9,95%","9,77%","0,90",96.300.000,54.503,0,"0,00","0,00","0,00%","0,00%"
HCRI11,Hospital,"293,75","33,59%","16,97%","1,06",58.750.000,35.471,1,"0,00","2.185,59","0,00%","0,00%"
HCTR11,Multicategoria,"21,20","17,61%","17,08%","0,20",468.185.000,1.099.840,0,"0,00","0,00","0,00%","0,00%"
HDEL11,Logística,"100,05","28,61%","24,73%","1,12",84.042.000,6.928,1,"0,00","311,17","0,00%","0,00%"
HFOF11,Multicategoria,"6,82","10,24%","9,87%","0,86",1.539.850.000,2.480.910,0,"0,00","0,00","0,00%","0,00%"
HGAG11,Outros,"11,10","5,83%","14,60%","0,47",2.755.600,456,0,"0,00","0,00","0,00%","0,00%"
HGBL11,Logística,"9,23","9,64%","9,54%","0,99",242.396.000,336.572,1,"1.758,30","169,20","9,62%","0,00%"
HGBS11,Shoppings,"20,45","8,01%","9,07%","0,99",2.640.770.000,3.987.260,17,"4.472,30","416,55","9,31%","3,89%"
HGCR11,Outros,"95,62","12,29%","12,66%","0,97",1.474.280.000,3.928.910,0,"0,00","0,00","0,00%","0,00%"
HGFF11,Outros,"62,38","14,46%","9,94%","0,77",178.631.000,0,0,"0,00","0,00","0,00%","0,00%"
HGIC11,Multicategoria,"60,72","5,70%","15,11%","0,55",28.095.600,5.411,2,"1.361,86","0,00","0,00%","0,00%"
HGJH11,Escritórios,"191,29","9,55%","0,00%","0,55",335.342.000,0,2,"26.273,60","2.781,84","10,59%","3,42%"
HGLG11,Multicategoria,"157,91","6,51%","8,30%","0,95",6.696.120.000,14.191.900,28,"4.012,09","287,79","7,17%","2,91%"
HGPO11,Escritórios,"149,81","-0,74%","0,00%","0,99",262.625.000,167.735,0,"0,00","0,00","0,00%","0,00%"
HGRE11,Escritórios,"129,81","6,96%","9,56%","0,88",1.534.060.000,2.859.280,13,"8.389,56","782,46","9,33%","16,90%"
HGRU11,Outros,"128,89","7,78%","9,50%","1,00",2.995.150.000,6.217.950,100,"4.656,67","435,65","9,36%","0,81%"
HILG11,Logística,"186,81","-1,88%","32,01%","0,71",98.309.500,0,1,"32,33","57,05","176,47%","0,00%"
HIRE11,Outros,"100,36","0,00%","1,58%","1,00",275.017.000,6.412,4,"11.416,80","0,00","0,00%","0,00%"
HJCT11,Escritórios,"115,00","0,68%","2,75%","1,29",113.994.000,8.091,1,"14.677,90","38,29","0,26%","8,00%"
HLOG11,Logística,"9,26","8,71%","9,47%","0,77",393.550.000,52.443,3,"2.022,65","233,44","11,54%","1,31%"
HMOC11,Shoppings,"226,95","2,17%","0,00%","0,95",86.698.800,0,0,"0,00","0,00","3,27%","0,00%"
HOFC11,Escritórios,"31,98","-3,91%","0,00%","0,55",120.852.000,398.435,2,"1.951,60","498,00","25,52%","51,84%"
HOSI11,Residencial,"82,00","3,46%","6,69%","0,68",47.022.900,5.901,0,"0,00","0,00","0,00%","0,00%"
HPDP11,Shoppings,"92,82","7,34%","7,92%","0,96",305.192.000,746.624,1,"2.262,69","170,42","7,53%","0,66%"
HRDF11,Multicategoria,"3,61","0,58%","0,00%","0,41",5.477.900,9.358,0,"0,00","0,00","0,00%","0,00%"
HREC11,Multicategoria,"8,31","11,80%","12,09%","0,94",429.510.000,314.081,0,"0,00","0,00","0,00%","0,00%"
HRES11,Multicategoria,"145,45","25,65%","26,21%","1,15",68.105.800,0,0,"0,00","0,00","0,00%","0,00%"
HSAF11,Outros,"80,44","13,94%","13,99%","0,90",203.220.000,1.405.530,0,"0,00","0,00","0,00%","0,00%"
HSLG11,Logística,"93,85","9,52%","8,66%","0,85",1.188.150.000,817.831,6,"1.883,40","172,42","9,15%","0,00%"
HSML11,Shoppings,"93,95","6,72%","8,56%","0,90",2.003.950.000,4.594.240,14,"7.699,68","752,24","9,77%","86,59%"
HSRE11,Outros,"102,00","6,36%","10,50%","1,16",907.670.000,18.472,22,"7.740,32","656,82","8,49%","0,00%"
HTMX11,Hotel,"136,63","7,80%","11,07%","0,91",394.600.000,625.588,20,"7.175,74","609,20","8,49%","0,00%"
HUCG11,Hospital,"96,62","4,04%","5,86%","0,75",108.408.000,1.905,2,"3.781,69","217,66","5,76%","0,00%"
HUSC11,Hospital,"96,01","10,89%","9,78%","0,64",81.687.300,269,1,"1.082,65","134,45","12,42%","0,00%"
HUSI11,Hospital,"1.220,00","9,00%","8,78%","0,98",141.962.000,31,1,"6.918,05","656,20","9,49%","0,00%"
HYPI11,Multicategoria,"181,50","-3,02%","64,15%","61,08",237.094.000,0,0,"0,00","0,00","0,00%","0,00%"
IAAG11,Outros,"8,36","15,87%","12,82%","0,85",87.396.900,272.563,0,"0,00","0,00","0,00%","0,00%"
IAGR11,Multicategoria,"4,33","0,04%","0,42%","0,70",12.115.100,10.455,0,"0,00","0,00","0,00%","0,00%"
IBBP11,Logística,"8,20","8,67%","10,52%","0,82",435.238.000,40.849,22,"1.277,70","123,56","9,67%","0,22%"
IBCR11,Outros,"52,26","11,16%","17,31%","0,58",50.087.200,292.903,0,"0,00","0,00","0,00%","0,00%"
IBFF11,Títulos e Val. Mob.,"66,40","8,28%","0,00%","0,93",44.267.600,0,0,"0,00","0,00","0,00%","0,00%"
ICNE11,Residencial,"769,63","18,67%","9,51%","1,16",92.355.600,0,0,"0,00","0,00","0,00%","0,00%"
ICRI11,Outros,"95,50","13,16%","12,42%","0,94",368.378.000,1.342.300,0,"0,00","0,00","0,00%","0,00%"
IDFI11,Títulos e Val. Mob.,"2,00","16,41%","0,00%","0,46",4.115.850,0,2,"0,00","0,00","0,00%","0,00%"
IDGR11,Híbrido,"1,50","-15,05%","0,00%","0,00",1.325.040,0,0,"0,00","0,00","0,00%","0,00%"
IFID11,Outros,"80,06","7,66%","0,00%","1,25",59.897.000,0,0,"0,00","0,00","0,00%","0,00%"
IFIE11,Outros,"71,98","12,86%","0,00%","1,04",64.817.600,0,0,"0,00","0,00","0,00%","0,00%"
INLG11,Logística,"75,05","12,44%","11,57%","0,71",338.633.000,258.844,5,"2.838,99","375,13","13,21%","0,84%"
INRD11,Residencial,"76,02","10,38%","10,06%","0,64",85.909.100,34.732,5,"3.255,79","481,56","14,79%","1,62%"
IRDM11,Outros,"58,50","16,47%","12,91%","0,74",2.202.080.000,0,0,"0,00","0,00","0,00%","0,00%"
IRIM11,Multicategoria,"64,31","0,64%","14,85%","0,77",2.265.380.000,5.918.610,0,"0,00","0,00","0,00%","0,00%"
ISCJ11,Outros,"50,71","18,49%","21,72%","0,30",9.515.730,0,0,"0,00","0,00","0,00%","0,00%"
ITIP11,Outros,"65,76","2,57%","13,37%","0,94",49.198.400,59.055,0,"0,00","0,00","0,00%","0,00%"
ITIT11,Outros,"72,91","7,31%","10,04%","0,90",65.655.000,103.466,0,"0,00","0,00","0,00%","0,00%"
ITRI11,Outros,"88,34","11,32%","11,57%","0,91",552.125.000,1.811.470,0,"0,00","0,00","0,00%","0,00%"
JASC11,Varejo,"100,00","7,37%","8,03%","0,87",385.119.000,3.924,17,"4.293,60","388,73","9,05%","0,78%"
JBFO11,Títulos e Val. Mob.,"82,01","9,02%","0,00%","1,04",104.897.000,0,0,"0,00","0,00","0,00%","0,00%"
JCCJ11,Shoppings,"158,00","3,23%","5,49%","0,81",773.202.000,19.188,1,"2.968,84","0,00","0,00%","100,00%"
JCIN11,Shoppings,"148,90","6,38%","3,61%","0,82",196.208.000,0,0,"0,00","0,00","0,00%","0,00%"
JFLL11,Multicategoria,"60,00","8,74%","8,77%","0,64",90.035.900,72.260,1,"17.654,20","2.182,27","12,36%","27,87%"
JGPX11,Outros,"70,80","17,49%","5,97%","0,74",151.600.000,425.181,0,"0,00","0,00","0,00%","0,00%"
JPPA11,Multicategoria,"85,46","15,20%","14,97%","0,85",77.260.100,112.546,0,"0,00","0,00","0,00%","0,00%"
JPPC11,Multicategoria,"141,10","-2,52%","15,09%","2,31",7.760.500,0,0,"0,00","0,00","0,00%","0,00%"
JRDM11,Shoppings,"85,90","7,97%","0,00%","0,96",216.723.000,0,1,"7.394,68","671,49","9,08%","1,19%"
JSAF11,Multicategoria,"7,90","11,77%","12,88%","0,84",612.434.000,1.980.120,0,"0,00","0,00","0,00%","0,00%"
JSCR11,Multicategoria,"8,42","13,73%","13,38%","0,89",186.394.000,470.949,0,"0,00","0,00","0,00%","0,00%"
JSRE11,Multicategoria,"67,28","9,30%","8,49%","0,65",1.397.230.000,3.082.950,6,"9.935,01","1.156,08","11,64%","1,78%"
KCRE11,Multicategoria,"8,78","15,57%","13,05%","0,93",316.080.000,543.278,0,"0,00","0,00","0,00%","0,00%"
KDOL11,Multicategoria,"92,35","-0,74%","2,95%","0,94",61.965.200,110.245,0,"0,00","0,00","0,00%","0,00%"
KEVE11,Residencial,"639,98","21,83%","36,79%","1,59",94.525.700,3.837,1,"0,00","0,00","0,00%","0,00%"
KFEN11,Multicategoria,"1.100,00","6,09%","10,65%","1,16",196.516.000,0,0,"0,00","0,00","0,00%","0,00%"
KFOF11,Multicategoria,"82,69","11,86%","11,19%","0,88",580.034.000,1.349.410,0,"0,00","0,00","0,00%","0,00%"
KINP11,Residencial,"9,82","0,00%","0,00%","0,00",0,0,1,"0,00","0,00","0,00%","0,00%"
KISU11,Outros,"7,16","12,10%","11,69%","0,85",316.444.000,644.188,0,"0,00","0,00","0,00%","0,00%"
KIVO11,Outros,"66,07","16,81%","17,03%","0,77",146.856.000,362.816,0,"0,00","0,00","0,00%","0,00%"
KNCA11,Títulos e Val. Mob.,"95,90","11,54%","4,21%","0,93",2.071.430.000,3.754.080,0,"0,00","0,00","0,00%","0,00%"
KNCR11,Multicategoria,"104,67","10,35%","13,75%","1,02",10.624.900.000,20.759.400,0,"0,00","0,00","0,00%","0,00%"
KNHF11,Multicategoria,"97,88","12,70%","11,97%","0,97",1.924.640.000,4.419.260,8,"22.341,40","1.641,06","7,35%","0,62%"
KNHY11,Multicategoria,"98,35","13,13%","11,31%","0,99",3.065.870.000,4.070.870,0,"0,00","0,00","0,00%","0,00%"
KNIP11,Multicategoria,"91,55","12,09%","10,47%","0,98",7.331.160.000,9.309.440,0,"0,00","0,00","0,00%","0,00%"
KNRE11,Residencial,"0,33","1,80%","1,72%","0,52",6.120.560,2.152,0,"0,00","0,00","0,00%","0,00%"
KNRI11,Multicategoria,"166,01","7,13%","7,31%","1,01",4.682.150.000,6.727.720,19,"5.565,71","416,77","7,49%","0,09%"
KNSC11,Multicategoria,"8,71","14,92%","12,82%","0,99",1.761.180.000,6.347.340,0,"0,00","0,00","0,00%","0,00%"
KNUQ11,Multicategoria,"104,32","11,31%","14,67%","1,03",2.241.290.000,5.160.230,0,"0,00","0,00","0,00%","0,00%"
KOPA11,Títulos e Val. Mob.,"588,90","20,12%","10,03%","0,60",208.869.000,300.830,0,"0,00","0,00","0,00%","0,00%"
KORE11,Outros,"74,46","20,54%","18,08%","0,70",716.678.000,3.775.090,4,"11.713,20","1.929,62","16,47%","0,69%"
LAFI11,Outros,"118,06","9,21%","9,96%","1,03",91.058.100,805,3,"9,04","0,88","9,76%","0,00%"
LASC11,Shoppings,"114,99","11,75%","14,74%","0,87",338.105.000,6.706.310,2,"13.717,00","1.125,06","8,20%","2,36%"
LATR11B,Residencial,"9,51","-16,36%","0,00%","0,90",1.180.230,0,0,"0,00","0,00","0,00%","0,00%"
LFTT11,Residencial,"2,10","-155,80%","0,00%","0,05",1.396.500,0,51,"3,99","0,00","0,00%","98,46%"
LGCP11,Logística,"82,95","11,25%","5,21%","0,82",374.279.000,0,5,"3.097,83","375,13","12,11%","0,84%"
LIFE11,Residencial,"8,76","13,44%","16,19%","0,88",348.311.000,1.038.950,0,"0,00","0,00","0,00%","0,00%"
LKDV11,Multicategoria,"1.081,93","1,22%","0,00%","0,98",72.284.800,0,1,"18.854,70","401,01","2,13%","100,02%"
LLAO11,Multicategoria,"57,20","-7,84%","0,00%","1,11",20.657.200,0,9,"8.224,27","0,00","0,00%","0,00%"
LMAI11,Multicategoria,"37,00","7,33%","14,48%","0,34",195.362.000,84.546,2,"2.080,79","472,69","22,72%","13,30%"
LOFT11B,Residencial,"29,90","-0,89%","0,00%","309,52",58.678.800,0,2,"0,00","0,96","0,00%","99,94%"
LPLP11,Residencial,"304,39","19,47%","59,78%","0,97",226.005.000,1.189,0,"0,00","0,00","0,00%","0,00%"
LRDI11,Multicategoria,"198,00","53,99%","16,25%","48,49",28.780.500,2.031,0,"0,00","0,00","0,00%","0,00%"
LSAG11,Títulos e Val. Mob.,"83,00","14,81%","2,18%","0,84",83.774.700,142.947,0,"0,00","0,00","0,00%","0,00%"
LSOI11,Residencial,"12,02","-0,92%","0,00%","0,91",64.490.700,100.000,0,"0,00","0,00","0,00%","0,00%"
LSOP11,Multicategoria,"10,35","-0,06%","1,10%","1,05",65.155.700,59.250,0,"0,00","0,00","0,00%","0,00%"
LSPA11,Outros,"24,01","175,20%","0,00%","1,15",9.712.040,0,0,"0,00","0,00","0,00%","0,00%"
LTMT11,Multicategoria,"98,36","-1,47%","0,00%","1,05",15.393.400,0,0,"0,00","0,00","0,00%","0,00%"
LUGG11,Residencial,"72,82","11,94%","4,76%","0,62",82.338.000,0,5,"3.133,26","529,29","16,89%","3,31%"
LVBI11,Logística,"110,52","8,18%","8,08%","0,92",1.781.420.000,4.153.600,9,"3.143,61","292,67","9,31%","11,34%"
MALL11,Shoppings,"100,03","14,22%","8,91%","0,83",1.398.630.000,1.520.130,11,"4.650,86","755,88","16,25%","3,64%"
MANA11,Outros,"9,13","11,03%","27,91%","0,97",342.705.000,1.397.210,0,"0,00","0,00","0,00%","0,00%"
MATV11,Títulos e Val. Mob.,"86,63","11,42%","0,00%","0,92",36.901.600,0,0,"0,00","0,00","0,00%","0,00%"
MAXR11,Multicategoria,"63,31","5,32%","6,47%","0,68",71.265.200,202.947,7,"1.096,39","96,88","8,84%","11,52%"
MBRF11,Outros,"679,00","4,63%","0,00%","0,98",69.029.900,0,2,"3.833,27","140,42","3,66%","81,98%"
MCCI11,Multicategoria,"95,81","11,21%","11,86%","1,00",1.624.940.000,5.765.470,0,"0,00","0,00","0,00%","0,00%"
MCEM11,Outros,"62,95","-0,64%","9,64%","1,81",208.685.000,54.066,0,"0,00","0,00","0,00%","0,00%"
MCHF11,Títulos e Val. Mob.,"9,05","11,76%","0,00%","0,87",292.806.000,0,3,"0,00","0,00","0,00%","0,00%"
MCHY11,Multicategoria,"8,58","11,16%","9,79%","0,86",957.519.000,0,1,"1.583,25","53,06","3,35%","35,85%"
MCLO11,Logística,"10,01","9,24%","10,85%","0,73",1.247.680.000,1.178.360,4,"1.962,95","179,68","9,15%","0,00%"
MCRE11,Multicategoria,"9,63","10,27%","13,52%","0,93",1.074.700.000,3.942.200,1,"234,69","115,31","49,13%","11,63%"
MFAI11,Híbrido,"69,98","0,00%","0,00%","0,00",0,0,0,"0,00","0,00","0,00%","0,00%"
MFCR11,Híbrido,"24,60","0,00%","0,00%","0,00",0,0,0,"0,00","0,00","0,00%","0,00%"
MFII11,Multicategoria,"74,23","4,72%","17,15%","0,76",504.764.000,1.859.300,3,"8.156,37","0,00","0,00%","0,00%"
MGCR11,Títulos e Val. Mob.,"9,40","11,11%","0,00%","0,96",126.115.000,0,0,"0,00","0,00","0,00%","0,00%"
MGFF11,Títulos e Val. Mob.,"69,99","0,00%","0,00%","0,00",0,0,0,"0,00","0,00","0,00%","0,00%"
MGHT11,Hotel,"14,84","-10,76%","0,00%","0,64",19.496.600,9.164,1,"0,00","0,00","0,00%","0,00%"
MGIM11,Híbrido,"101,50","-2,38%","0,00%","1,03",25.101.000,0,0,"0,00","0,00","0,00%","0,00%"
MGLG11,Logística,"40,99","5,82%","0,00%","0,91",103.703.000,0,6,"3.132,38","75,43","2,41%","8,72%"
MINT11,Outros,"96,50","13,23%","0,00%","0,99",50.180.000,0,3,"0,00","532,36","0,00%","0,00%"
MMPD11,Multicategoria,"110,61","12,48%","14,85%","0,99",58.678.300,0,0,"0,00","0,00","0,00%","0,00%"
MORC11,Títulos e Val. Mob.,"89,87","12,37%","0,00%","0,92",171.455.000,0,0,"0,00","0,00","0,00%","0,00%"
MORE11,Títulos e Val. Mob.,"76,21","6,04%","0,00%","0,88",176.740.000,0,0,"0,00","0,00","0,00%","0,00%"
MXRF11,Logística,"9,69","10,58%","13,24%","1,02",4.460.010.000,17.970.100,0,"0,00","0,00","0,00%","0,00%"
NAUI11,Multicategoria,"1.100,00","0,21%","0,00%","1,99",56.908.500,0,0,"0,00","0,00","0,00%","0,00%"
NAVT11,Outros,"78,88","12,18%","12,05%","0,87",48.296.800,60.168,0,"0,00","0,00","0,00%","0,00%"
NCHB11B,Multicategoria,"7,97","15,42%","14,84%","0,82",121.793.000,7.729,0,"0,00","0,00","0,00%","0,00%"
NCRA11,Outros,"7,70","21,21%","15,44%","0,73",34.341.600,63.185,0,"0,00","0,00","0,00%","0,00%"
NCRI11,Outros,"9,12","13,87%","13,46%","0,91",36.024.000,18.682,0,"0,00","0,00","0,00%","0,00%"
NEWL11,Multicategoria,"117,41","12,40%","9,81%","0,90",329.945.000,3.473.130,3,"3.517,26","353,45","10,05%","0,00%"
NEWU11,Multicategoria,"100,00","3,54%","2,54%","1,22",74.200.000,10.805,2,"5.297,57","972,24","18,35%","45,36%"
NEXG11,Outros,"131,00","3,57%","3,05%","1,31",91.503.500,331.124,0,"0,00","0,00","0,00%","0,00%"
NPAR11,Outros,"12,82","213,32%","0,00%","0,70",1.533.140,0,0,"0,00","0,00","0,00%","0,00%"
NSLU11,Hospital,"191,00","13,83%","13,05%","1,10",247.018.000,148.813,2,"10.042,70","1.124,92","11,20%","0,00%"
NVHO11,Hospital,"11,99","9,13%","9,57%","0,72",497.519.000,12.543,4,"16.274,50","1.535,72","9,44%","0,00%"
OBAL11,Residencial,"1.095,00","-43,17%","16,06%","0,78",154.701.000,0,5,"41.905,00","0,00","0,00%","0,00%"
OCRE11,Multicategoria,"78,00","9,71%","8,72%","0,49",32.992.900,21.650,0,"0,00","0,00","0,00%","0,00%"
OGHY11,Títulos e Val. Mob.,"8,72","7,32%","0,00%","0,92",23.678.100,0,0,"0,00","0,00","0,00%","0,00%"
OIAG11,Outros,"9,12","9,31%","7,52%","0,93",82.381.000,169.333,0,"0,00","0,00","0,00%","0,00%"
ONDA11,Outros,"9,23","1,69%","9,19%","0,77",77.147.600,10.024,0,"0,00","0,00","0,00%","0,00%"
ONDV11,Outros,"9,77","8,14%","5,97%","0,82",9.863.960,5.007,0,"0,00","0,00","0,00%","0,00%"
ONEF11,Lajes Corporativas,"200,03","6,08%","0,00%","1,09",182.227.000,0,0,"0,00","0,00","0,00%","0,00%"
ORPD11,Multicategoria,"93,00","0,00%","0,00%","0,66",26.970.000,0,0,"0,00","0,00","0,00%","0,00%"
OUCY11,Híbrido,"88,50","0,00%","0,00%","0,00",0,0,8,"0,00","161,02","0,00%","0,00%"
OUFF11,Títulos e Val. Mob.,"61,10","0,00%","0,00%","0,00",0,0,0,"0,00","0,00","0,00%","0,00%"
OUJP11,Multicategoria,"83,92","15,80%","15,14%","0,83",272.940.000,566.979,0,"0,00","0,00","0,00%","0,00%"
OULG11,Logística,"24,04","16,85%","0,68%","0,85",59.650.100,0,0,"0,00","0,00","0,00%","0,00%"
OURE11,Híbrido,"78,20","0,00%","0,00%","0,00",0,0,8,"0,00","161,02","0,00%","0,00%"
OXRL11,Multicategoria,"126,42","-0,52%","2,90%","0,98",24.385.400,36.365,1,"38.831,60","753,86","1,94%","0,00%"
PATA11,Outros,"9,45","12,68%","19,94%","0,93",16.084.000,22.028,0,"0,00","0,00","0,00%","0,00%"
PATC11,Outros,"38,90","2,64%","2,36%","1,13",135.272.000,44.303,4,"17.416,00","868,22","4,99%","34,68%"
PATL11,Logística,"67,00","10,60%","10,48%","0,75",334.433.000,1.030.170,4,"2.138,08","275,72","12,90%","2,71%"
PCIP11,Outros,"87,62","10,49%","13,12%","0,94",1.490.570.000,4.710.470,0,"0,00","0,00","0,00%","0,00%"
PDBM11,Outros,"115,00","8,14%","12,15%","1,01",39.100.000,0,1,"4.415,31","425,41","9,63%","100,00%"
PDDA11B,Logística,"106,50","3,80%","0,00%","3,76",264.257.000,0,0,"0,00","0,00","0,00%","0,00%"
PEMA11,Multicategoria,"38,00","23,05%","23,84%","0,66",20.976.000,620,0,"0,00","0,00","0,00%","0,00%"
PLAG11,Outros,"62,90","9,17%","9,25%","0,94",342.971.000,6.180.420,12,"1.475,70","236,88","16,05%","0,00%"
PLCA11,Títulos e Val. Mob.,"79,00","19,37%","2,47%","0,83",44.004.500,95.902,0,"0,00","0,00","0,00%","0,00%"
PLCR11,Outros,"79,10","12,76%","6,76%","0,95",166.835.000,0,0,"0,00","0,00","0,00%","0,00%"
PLOG11,Logística,"66,71","14,54%","0,00%","0,62",50.032.500,0,1,"696,98","130,27","18,69%","0,00%"
PLRI11,Multicategoria,"6,48","1,80%","3,80%","0,45",6.183.890,2.213,0,"0,00","0,00","0,00%","0,00%"
PMFO11,Outros,"91,37","11,48%","10,99%","0,99",89.168.600,23.089,0,"0,00","0,00","0,00%","0,00%"
PMIS11,Outros,"8,11","14,57%","13,87%","0,86",120.054.000,209.336,0,"0,00","0,00","0,00%","0,00%"
PMLL11,Shoppings,"106,48","12,85%","9,84%","0,90",1.488.810.000,6.806.450,11,"3.811,15","537,95","14,12%","3,66%"
PMRL11,Multicategoria,"102,44","0,56%","0,56%","1,19",40.378.100,216.898,1,"795.963,00","0,00","0,00%","0,00%"
PNCR11,Residencial,"46,76","-0,41%","10,96%","1,01",23.380.000,0,0,"0,00","0,00","0,00%","0,00%"
PNDL11,Multicategoria,"1.200,00","-0,14%","0,00%","1,19",173.198.000,0,0,"0,00","0,00","0,00%","0,00%"
PNPR11,Multicategoria,"48,00","-4,83%","0,00%","1,32",43.095.200,0,0,"0,00","0,00","0,00%","0,00%"
PNRC11,Multicategoria,"61,00","3,15%","8,09%","5,96",25.016.100,0,2,"21.502,70","0,00","0,00%","0,00%"
PORD11,Multicategoria,"8,40","13,85%","13,62%","0,88",313.183.000,919.687,0,"0,00","0,00","0,00%","0,00%"
PQAG11,Logística,"56,05","10,21%","10,08%","1,01",784.245.000,5.156,1,"12.137,50","1.240,41","10,22%","0,00%"
PQDP11,Shoppings,"2.324,99","0,06%","9,93%","91,24",45.205.000.000,825.989,1,"661.097,00","233,66","0,04%","0,66%"
PRSN11,Multicategoria,"7,00","-1,35%","1,15%","2,68",22.618.700,290,1,"560.846,00","0,00","0,00%","0,00%"
PRSV11,Escritórios,"32,24","-33,20%","0,00%","0,28",8.356.640,10.357,1,"835,13","0,00","0,00%","100,00%"
PSEC11,Outros,"62,51","8,56%","13,05%","0,82",1.150.150.000,3.035.580,0,"0,00","0,00","0,00%","0,00%"
PULV11,Outros,"8,82","11,72%","8,44%","0,88",105.842.000,0,0,"0,00","0,00","0,00%","0,00%"
PURB11,Shoppings,"95,10","11,88%","0,00%","0,82",107.954.000,0,2,"19.149,10","2.369,56","12,37%","9,70%"
PVBI11,Escritórios,"79,35","7,13%","7,08%","0,74",2.152.770.000,6.553.640,7,"23.702,10","2.042,45","8,62%","11,51%"
QAGR11,Outros,"41,00","13,19%","12,94%","0,68",206.640.000,149.034,12,"1.432,53","217,65","15,19%","0,00%"
QAMI11,Títulos e Val. Mob.,"84,68","24,53%","0,00%","0,91",67.862.400,0,0,"0,00","0,00","0,00%","0,00%"
QIFF11,Títulos e Val. Mob.,"97,49","7,63%","0,00%","1,09",14.623.500,0,0,"0,00","0,00","0,00%","0,00%"
QIRI11,Títulos e Val. Mob.,"78,04","9,53%","0,00%","0,87",11.706.000,0,0,"0,00","0,00","0,00%","0,00%"
QMFF11,Títulos e Val. Mob.,"98,52","7,55%","0,00%","1,10",14.778.000,0,0,"0,00","0,00","0,00%","0,00%"
RBBV11,Títulos e Val. Mob.,"100,00","6,51%","0,00%","0,99",125.416.000,0,0,"0,00","0,00","0,00%","0,00%"
RBCO11,Escritórios,"44,00","12,33%","8,39%","0,49",166.276.000,144.616,4,"3.812,31","614,84","16,13%","0,00%"
RBDS11,Residencial,"1,81","-84,70%","0,00%","0,10",229.007,205,0,"0,00","0,00","0,00%","0,00%"
RBED11,Outros,"94,03","15,89%","0,00%","0,00",221.443.000,0,0,"0,00","0,00","0,00%","0,00%"
RBFF11,Outros,"10,65","12,68%","10,40%","0,81",199.646.000,122.151,0,"0,00","0,00","0,00%","0,00%"
RBFM11,Outros,"11,28","11,97%","1,88%","0,86",211.456.000,225.255,0,"0,00","0,00","0,00%","0,00%"
RBFY11,Residencial,"75,00","0,72%","1,02%","0,79",72.738.500,414.016,1,"40.703,70","620,76","1,53%","15,65%"
RBGS11,Shoppings,"28,45","3,30%","0,00%","0,31",30.669.100,0,1,"1.051,57","52,68","5,01%","11,94%"
RBHG11,Outros,"68,80","10,90%","13,82%","0,79",149.155.000,276.026,0,"0,00","0,00","0,00%","0,00%"
RBHY11,Outros,"79,68","10,86%","15,62%","0,86",150.874.000,353.437,0,"0,00","0,00","0,00%","0,00%"
RBIR11,Residencial,"89,15","14,80%","13,98%","1,03",136.276.000,271.400,1,"45.236,10","0,00","0,00%","0,00%"
RBIV11,Outros,"83,70","9,92%","0,00%","0,97",181.458.000,0,0,"0,00","0,00","0,00%","0,00%"
RBLG11,Logística,"58,04","8,00%","5,01%","0,88",37.157.100,148,1,"0,00","29,73","0,00%","0,00%"
RBOP11,Outros,"215,00","-9,24%","7,08%","0,29",21.857.800,14.291,2,"1.199,40","192,01","16,01%","71,92%"
RBRD11,Multicategoria,"40,03","17,05%","15,86%","0,62",74.127.000,137.044,4,"2.708,64","486,23","17,95%","14,02%"
RBRF11,Outros,"6,65","17,75%","8,19%","0,78",909.771.000,0,0,"0,00","0,00","0,00%","0,00%"
RBRI11,Multicategoria,"649,00","31,88%","5,93%","1,34",90.642.600,86.279,0,"0,00","0,00","0,00%","0,00%"
RBRL11,Logística,"91,52","7,80%","9,77%","0,89",611.997.000,1.206.640,0,"0,00","0,00","0,00%","0,00%"
RBRM11,Títulos e Val. Mob.,"160.000,00","-8,41%","0,00%","8,16",86.240.000,0,0,"0,00","0,00","0,00%","0,00%"
RBRP11,Outros,"52,75","7,76%","9,02%","0,64",642.452.000,3.874.190,6,"9.760,23","842,28","8,63%","15,65%"
RBRR11,Multicategoria,"85,80","8,65%","12,10%","0,92",1.398.560.000,6.967.150,3,"0,00","0,00","0,00%","0,00%"
RBRS11,Residencial,"47,87","3,87%","5,14%","0,50",36.594.300,138.571,2,"9.612,27","1.532,54","15,94%","30,36%"
RBRX11,Multicategoria,"8,78","3,62%","12,00%","0,89",1.284.990.000,5.060.140,1,"10.222,10","0,00","0,00%","0,00%"
RBRY11,Multicategoria,"97,57","10,60%","14,19%","0,98",1.245.920.000,5.797.340,0,"0,00","0,00","0,00%","0,00%"
RBTS11,Multicategoria,"302,02","4,45%","4,17%","1,08",17.071.700,347,0,"0,00","0,00","0,00%","0,00%"
RBVA11,Varejo,"9,88","6,97%","10,82%","0,92",1.542.690.000,2.251.440,74,"5.023,10","614,47","12,23%","5,97%"
RBVO11,Lajes Corporativas,"5,33","0,00%","0,00%","0,00",0,0,0,"0,00","0,00","0,00%","0,00%"
RCFF11,Outros,"90,00","4,56%","4,27%","0,91",29.088.000,11,0,"0,00","0,00","0,00%","0,00%"
RCRB11,Escritórios,"141,09","4,87%","7,32%","0,71",520.720.000,1.232.830,9,"13.103,00","1.269,36","9,69%","0,95%"
RCRI11,Outros,"103,02","5,53%","7,39%","0,99",43.489.300,110.509,0,"0,00","0,00","0,00%","0,00%"
RDES11,Multicategoria,"58,00","2,54%","0,00%","0,75",43.036.000,0,3,"3.089,11","431,09","13,96%","47,02%"
RDIV11,Multicategoria,"86,00","10,03%","0,57%","1,02",225.643.000,0,0,"0,00","0,00","0,00%","0,00%"
RDLI11,Logística,"99,00","-2,26%","38,41%","0,90",190.495.000,4.260,0,"0,00","0,00","0,00%","0,00%"
RDPD11,Multicategoria,"22,96","4,47%","0,00%","2,23",172.391.000,0,0,"0,00","0,00","0,00%","0,00%"
RECD11,Outros,"6,80","17,47%","12,99%","0,99",37.085.700,1.932,0,"0,00","0,00","0,00%","0,00%"
RECM11,Multicategoria,"8,50","14,03%","15,89%","0,92",71.404.400,96.610,0,"0,00","0,00","0,00%","0,00%"
RECR11,Multicategoria,"80,10","14,12%","13,61%","0,90",2.117.980.000,3.480.830,1,"5.774,06","0,00","0,00%","100,00%"
RECT11,Multicategoria,"39,10","10,27%","12,13%","0,44",334.051.000,685.403,9,"3.766,39","772,19","20,50%","7,10%"
RECX11,Títulos e Val. Mob.,"67,99","10,80%","0,00%","0,94",14.843.100,0,0,"0,00","0,00","0,00%","0,00%"
REIT11,Outros,"99,27","10,26%","9,14%","0,33",2.609.910,94,0,"0,00","0,00","0,00%","0,00%"
RELG11,Multicategoria,"64,99","10,08%","13,96%","0,76",86.733.200,130.216,0,"0,00","0,00","0,00%","0,00%"
RENV11,Multicategoria,"6,90","4,75%","8,25%","0,48",7.084.880,10.650,0,"0,00","0,00","0,00%","0,00%"
RFOF11,Outros,"64,49","14,01%","12,48%","0,88",49.477.200,0,0,"0,00","0,00","0,00%","0,00%"
RINV11,Outros,"110,16","9,98%","11,62%","1,00",432.605.000,716.079,0,"0,00","0,00","0,00%","0,00%"
RMAI11,Multicategoria,"39,99","8,11%","14,44%","0,36",202.894.000,30.797,2,"2.241,25","542,00","24,18%","13,30%"
RMBS11,Multicategoria,"8,25","0,92%","2,50%","0,86",20.923.700,44.151,0,"0,00","0,00","0,00%","0,00%"
RNDP11,Títulos e Val. Mob.,"40,50","7,21%","0,00%","0,72",4.352.980,0,0,"0,00","0,00","0,00%","0,00%"
RNGO11,Escritórios,"51,00","8,12%","8,25%","0,61",136.476.000,71.968,4,"2.381,22","329,29","13,83%","11,63%"
ROOF11,Multicategoria,"350,00","-15,58%","0,00%","1,17",27.123.200,0,32,"1.262,59","0,00","0,00%","0,00%"
RPRI11,Outros,"84,97","14,39%","14,34%","0,85",294.993.000,567.998,0,"0,00","0,00","0,00%","0,00%"
RRCI11,Outros,"80,25","11,95%","12,61%","0,99",38.661.000,218.182,0,"0,00","0,00","0,00%","0,00%"
RSPD11,Residencial,"800,00","17,09%","11,78%","1,02",119.209.000,255.072,1,"58.101,00","0,00","0,00%","0,00%"
RURA11,Títulos e Val. Mob.,"9,06","11,84%","3,83%","0,89",1.450.500.000,3.001.690,0,"0,00","0,00","0,00%","0,00%"
RVBI11,Outros,"59,90","13,05%","14,10%","0,81",615.533.000,931.734,0,"0,00","0,00","0,00%","0,00%"
RZAG11,Títulos e Val. Mob.,"9,10","18,31%","4,80%","0,95",619.168.000,2.585.430,0,"0,00","0,00","0,00%","0,00%"
RZAK11,Multicategoria,"85,93","12,77%","15,59%","0,97",756.862.000,1.865.980,0,"0,00","0,00","0,00%","0,00%"
RZAT11,Multicategoria,"91,81","12,86%","13,02%","0,91",388.819.000,665.992,10,"1.104,66","173,97","15,75%","0,00%"
RZDM11,Híbrido,"550,16","19,74%","0,00%","4,15",88.025.600,0,4,"61.028,80","0,00","0,00%","0,00%"
RZEO11,Outros,"190,00","-0,29%","2,35%","0,94",599.056.000,0,36,"946,60","208,45","22,02%","0,00%"
RZLC11,Outros,"1.003,55","4,74%","14,41%","1,01",161.801.000,958.325,0,"0,00","0,00","0,00%","0,00%"
RZTR11,Outros,"96,25","9,49%","12,53%","1,03",1.814.480.000,3.675.390,29,"3,17","0,24","7,50%","0,00%"
RZZI11,Logística,"1.000,00","1,19%","1,73%","0,76",111.541.000,0,1,"0,00","60,85","0,00%","45,71%"
RZZR11,Logística,"136,00","9,57%","10,47%","0,77",756.585.000,39.615,10,"3,41","0,37","10,96%","0,04%"
RZZV11,Logística,"1.050,00","6,38%","8,65%","0,88",182.217.000,0,1,"827,34","77,14","9,32%","8,91%"
SADI11,Multicategoria,"8,62","14,29%","10,04%","0,99",133.497.000,0,0,"0,00","0,00","0,00%","0,00%"
SAIC11,Escritórios,"34,04","-3,58%","0,00%","0,67",48.668.300,0,1,"4.473,63","72,29","1,62%","100,00%"
SAPI11,Multicategoria,"9,22","7,85%","15,37%","0,92",272.574.000,292.717,0,"0,00","0,00","0,00%","0,00%"
SARE11,Multicategoria,"4,75","6,17%","2,18%","0,94",438.631.000,0,2,"0,00","180,38","0,00%","39,19%"
SCPF11,Shoppings,"3,10","11,23%","0,58%","0,31",13.020.000,3.389,1,"2.719,77","733,91","26,98%","23,66%"
SDIL11,Logística,"96,50","5,44%","0,00%","1,00",746.822.000,0,6,"1.965,97","251,82","12,81%","0,00%"
SDIP11,Outros,"88,00","1,98%","0,00%","0,89",371.533.000,0,5,"11.069,00","1.012,66","9,15%","0,00%"
SEED11,Multicategoria,"100,00","10,23%","11,49%","1,11",164.000.000,0,0,"0,00","0,00","0,00%","0,00%"
SEQR11,Logística,"54,00","13,08%","12,78%","0,56",89.947.500,54.315,4,"2.190,81","368,18","16,81%","0,00%"
SHDP11B,Shoppings,"1.210,05","8,42%","29,90%","1,14",1.439.630.000,0,1,"6.534,67","1.125,61","17,23%","2,71%"
SHOP11,Shoppings,"55,00","-1,86%","0,00%","1,76",135.212.000,0,1,"5.677,52","345,70","6,09%","12,68%"
SHPH11,Shoppings,"935,00","9,02%","8,63%","0,90",569.368.000,46.941,1,"16.253,00","1.350,46","8,31%","0,55%"
SHPP11,Multicategoria,"9,95","8,89%","6,15%","0,98",434.815.000,654,0,"0,00","0,00","1,36%","0,00%"
SIGR11,Outros,"99,90","3,09%","1,28%","1,03",200.302.000,0,0,"0,00","0,00","0,00%","0,00%"
SJAU11,Logística,"0,69","-27,95%","0,00%","0,46",5.473.250,7.624,0,"0,00","0,00","0,00%","0,00%"
SMRE11,Multicategoria,"65,71","28,67%","18,42%","0,62",65.569.200,274.584,0,"0,00","0,00","0,00%","0,00%"
SNAG11,Multicategoria,"10,75","11,26%","6,64%","1,04",652.959.000,2.878.890,3,"136,78","12,16","8,89%","0,00%"
SNCI11,Outros,"89,90","11,44%","13,18%","0,91",377.580.000,966.196,0,"0,00","0,00","0,00%","0,00%"
SNCR11,Multicategoria,"97,80","13,30%","0,00%","1,02",472.992.000,0,0,"0,00","0,00","0,00%","0,00%"
SNEL11,Outros,"8,58","3,03%","13,82%","1,05",949.464.000,4.025.630,1,"0,00","0,00","33,69%","0,00%"
SNFF11,Outros,"72,72","9,22%","13,39%","0,83",292.381.000,715.116,0,"0,00","0,00","0,00%","0,00%"
SNFZ11,Multicategoria,"9,76","7,30%","5,36%","0,97",60.535.800,342.447,2,"108.809,00","1.010,62","0,93%","0,00%"
SNLG11,Logística,"1,24","53,81%","0,80%","2,42",3.137.160,31.390,0,"0,00","0,00","0,00%","0,00%"
SNME11,Multicategoria,"9,65","10,23%","15,02%","1,01",71.586.000,346.009,0,"0,00","0,00","0,00%","0,00%"
SOFF11,Outros,"107,00","-0,38%","2,63%","1,04",196.335.000,2.251,0,"0,00","0,00","0,00%","0,00%"
SOLR11,Escritórios,"1.051,35","-3,34%","0,00%","1,14",68.899.200,0,1,"8.531,47","0,00","0,00%","0,00%"
SPDE11,Residencial,"1.266,67","10,09%","8,33%","0,75",115.774.000,0,0,"0,00","0,00","0,00%","0,00%"
SPG211,Logística,"11,14","1,29%","2,17%","0,87",70.955.200,558,3,"937,50","27,50","2,93%","0,00%"
SPMO11,Multicategoria,"122,00","-0,17%","0,00%","0,95",221.345.000,5.984,0,"0,00","0,00","0,00%","0,00%"
SPTW11,Outros,"40,95","18,10%","12,87%","0,76",73.628.100,96.046,1,"5.082,08","993,80","19,56%","0,00%"
SPXS11,Multicategoria,"8,55","12,07%","14,12%","0,90",172.616.000,601.283,0,"0,00","0,00","0,00%","0,00%"
SRVD11,Multicategoria,"3,00","-0,01%","0,00%","18,16",288.858.000,0,0,"0,00","0,00","0,00%","0,00%"
STRX11,Shoppings,"141,96","7,88%","7,76%","0,93",229.061.000,0,2,"4.356,21","354,99","8,15%","4,99%"
TBOF11,Lajes Corporativas,"101,50","-0,11%","0,00%","486,34",1.020.080.000,0,1,"0,00","0,00","0,00%","15,37%"
TELM11,Multicategoria,"9,99","8,10%","15,13%","1,01",30.974.000,14.470,3,"385,99","5,20","1,35%","0,74%"
TEPP11,Outros,"9,05","6,63%","11,07%","0,95",449.033.000,2.787.660,5,"4.017,58","277,22","6,90%","1,69%"
TGAR11,Multicategoria,"78,54","11,88%","14,38%","0,69",1.851.030.000,9.008.230,4,"114,84","13,96","12,16%","0,00%"
THRA11,Lajes Corporativas,"138,50","2,96%","0,00%","14,52",203.973.000,0,0,"0,00","0,00","0,00%","0,00%"
TJKB11,Hospital,"255,99","9,88%","13,57%","0,89",298.138.000,86.195,9,"8.179,00","908,74","11,11%","0,00%"
TMPS11,Outros,"86,80","10,99%","11,52%","0,89",84.974.400,296.668,0,"0,00","0,00","0,00%","0,00%"
TOPP11,Outros,"74,85","13,72%","13,30%","0,70",338.939.000,721.361,2,"37.257,10","3.317,76","8,91%","1,72%"
TORD11,Multicategoria,"1,63","8,95%","9,15%","0,04",9.522.350,35.697,0,"0,00","0,00","0,00%","0,00%"
TOUR11,Residencial,"8,80","0,00%","0,00%","0,00",0,0,3,"0,00","0,00","0,00%","0,00%"
TRBL11,Logística,"78,35","5,12%","9,14%","0,95",606.358.000,1.189.310,6,"1.908,78","147,42","7,72%","50,16%"
TRCO11,Multicategoria,"10,20","0,12%","0,12%","1,02",36.720.000,127.500,1,"37.955,50","271,04","0,71%","0,00%"
TRNT11,Escritórios,"105,00","7,02%","0,00%","0,64",413.234.000,38.868,1,"6.624,40","668,19","10,09%","28,00%"
TRXB11,Multicategoria,"182,96","4,43%","14,92%","1,80",743.919.000,4.904.690,11,"3.050,86","300,97","9,87%","0,00%"
TRXF11,Multicategoria,"91,99","5,17%","12,69%","0,91",5.743.000.000,27.867.000,96,"2.580,39","111,93","4,34%","0,00%"
TRXL11,Multicategoria,"103,38","6,75%","0,00%","1,00",4.471.100.000,0,30,"3.406,27","182,66","5,36%","2,89%"
TRXY11,Multicategoria,"9,41","10,15%","13,86%","1,00",150.280.000,87.847,0,"0,00","0,00","0,00%","0,00%"
TSER11,Escritórios,"97,00","11,82%","13,76%","1,00",144.094.000,0,1,"2.786,87","259,49","9,31%","0,00%"
TSNC11,Multicategoria,"80,80","1,27%","0,00%","1,02",87.811.800,14,1,"7.054,27","0,00","0,00%","100,00%"
TVRI11,Escritórios,"99,81","10,37%","12,40%","0,96",1.588.940.000,1.116.300,58,"3.956,45","514,21","13,00%","2,87%"
UBSR11,Multicategoria,"102,50","10,46%","0,00%","1,14",2.710.270.000,0,1,"52.387,30","0,00","0,00%","100,02%"
URHF11,Multicategoria,"73,03","14,05%","19,17%","0,76",8.063.750,11.009,0,"0,00","0,00","0,00%","0,00%"
URPR11,Outros,"37,00","13,96%","14,27%","0,36",434.154.000,833.721,0,"0,00","0,00","0,00%","0,00%"
VCJR11,Outros,"79,58","12,72%","14,11%","0,84",1.171.730.000,2.471.480,0,"0,00","0,00","0,00%","0,00%"
VCRA11,Títulos e Val. Mob.,"64,70","20,33%","4,57%","0,63",297.227.000,599.953,0,"0,00","0,00","0,00%","0,00%"
VCRI11,Outros,"7,43","13,33%","14,87%","0,78",152.639.000,207.327,0,"0,00","0,00","0,00%","0,00%"
VCRR11,Logística,"62,95","7,88%","9,14%","0,60",125.900.000,236.370,4,"10.888,90","2.807,08","25,78%","20,92%"
VERE11,Multicategoria,"445,76","8,15%","9,64%","0,84",285.245.000,0,3,"2.847,38","345,22","12,12%","28,37%"
VGHF11,Outros,"7,06","9,47%","13,72%","0,81",1.162.940.000,3.162.200,0,"0,00","0,00","0,00%","0,00%"
VGIA11,Outros,"9,96","10,79%","7,83%","1,03",861.093.000,2.211.690,0,"0,00","0,00","0,00%","0,00%"
VGII11,Multicategoria,"73,50","12,59%","4,37%","1,01",38.136.600,2,0,"0,00","0,00","0,00%","0,00%"
VGIP11,Multicategoria,"82,00","11,57%","13,50%","0,90",966.554.000,2.520.830,0,"0,00","0,00","0,00%","0,00%"
VGIR11,Multicategoria,"9,81","14,48%","15,18%","1,00",1.433.250.000,6.002.300,0,"0,00","0,00","0,00%","0,00%"
VGRI11,Outros,"8,13","14,09%","17,43%","0,93",284.727.000,806.659,5,"5.322,30","932,62","17,52%","26,59%"
VHFA11,Outros,"10,38","13,98%","8,13%","1,03",98.405.100,316,0,"0,00","0,00","0,00%","0,00%"
VIFI11,Títulos e Val. Mob.,"7,53","11,66%","0,00%","0,94",60.911.600,0,0,"0,00","0,00","0,00%","0,00%"
VILG11,Logística,"99,24","8,10%","8,69%","0,88",1.488.340.000,3.421.880,12,"2.608,23","374,51","14,36%","1,21%"
VINO11,Multicategoria,"5,49","10,50%","11,17%","0,55",454.716.000,992.134,9,"7.335,24","1.095,09","14,93%","10,25%"
VISC11,Shoppings,"110,01","8,73%","8,79%","0,93",3.171.440.000,7.431.670,31,"2.903,88","278,98","9,61%","0,00%"
VIUR11,Outros,"5,71","14,16%","15,45%","0,73",153.863.000,483.067,1,"87.647,90","71.952,69","82,09%","0,00%"
VJFD11,Outros,"148,01","7,36%","7,30%","0,87",721.716.000,67,39,"761,23","58,01","7,62%","0,00%"
VLOL11,Lajes Corporativas,"98,00","6,78%","0,00%","0,88",174.913.000,0,0,"0,00","0,00","0,00%","0,00%"
VOTS11,Multicategoria,"84,47","11,95%","10,49%","0,90",69.933.800,2.205,0,"0,00","0,00","0,00%","0,00%"
VPSI11,Shoppings,"22,38","13,16%","12,81%","0,67",180.649.000,0,1,"6.043,79","804,23","13,31%","0,00%"
VRTA11,Outros,"77,47","13,43%","13,01%","0,91",1.207.950.000,1.615.140,0,"0,00","0,00","0,00%","0,00%"
VRTM11,Multicategoria,"7,30","10,71%","14,59%","0,78",342.890.000,436.854,30,"2.232,29","0,00","0,00%","0,00%"
VSEC11,Títulos e Val. Mob.,"0,21","700,84%","0,00%","0,07",13.174,0,0,"0,00","0,00","0,00%","0,00%"
VSHO11,Shoppings,"76,39","10,89%","10,69%","0,67",160.327.000,20.316,3,"1.826,16","379,05","20,76%","10,10%"
VSLH11,Multicategoria,"2,14","18,04%","16,61%","0,21",63.909.200,155.052,0,"0,00","0,00","0,00%","0,00%"
VTLT11,Logística,"88,98","13,31%","14,91%","0,98",188.193.000,0,1,"0,00","109,76","0,00%","0,00%"
VTPL11,Outros,"65,90","29,65%","4,63%","0,55",91.353.300,0,1,"1.253,93","106,35","8,48%","0,00%"
VVCR11,Multicategoria,"9,70","4,24%","12,82%","0,91",173.735.000,4.848,0,"0,00","0,00","0,00%","0,00%"
VVMR11,Multicategoria,"84,32","0,77%","1,80%","0,94",238.051.000,38.861,5,"6.564,27","340,08","5,18%","2,83%"
VVPR11,Híbrido,"101,50","8,99%","0,00%","1,04",234.036.000,0,6,"5.334,39","526,70","9,87%","0,00%"
VVRI11,Multicategoria,"89,01","4,02%","7,28%","0,98",126.072.000,613,2,"2.773,18","278,51","10,04%","0,00%"
VXXV11,Outros,"728,00","0,12%","0,00%","1,41",347.893.000,439.761,1,"110,16","12,80","11,62%","90,00%"
WHGR11,Multicategoria,"9,59","12,32%","11,70%","0,97",296.450.000,419.050,1,"6.996,36","0,00","0,00%","0,00%"
WPLZ11,Shoppings,"51,00","9,77%","10,04%","0,94",60.520.800,2.845,1,"1.689,63","172,21","10,19%","8,67%"
WSEC11,Outros,"1,41","62,08%","10,48%","0,96",3.463.680,0,0,"0,00","0,00","0,00%","0,00%"
WTSP11,Multicategoria,"65,00","5,87%","5,74%","0,69",80.507.200,19.118,1,"6.516,80","469,53","7,20%","3,49%"
XLPR11,Outros,"78,25","12,30%","11,72%","0,97",37.697.500,58.794,0,"0,00","0,00","0,00%","0,00%"
XPCA11,Multicategoria,"8,73","11,67%","6,76%","0,91",397.416.000,1.079.290,0,"0,00","0,00","0,00%","0,00%"
XPCI11,Outros,"84,76","12,18%","12,76%","0,95",737.544.000,2.741.880,0,"0,00","0,00","0,00%","0,00%"
XPCM11,Escritórios,"8,76","-4,41%","0,00%","0,43",21.151.600,63.531,1,"1.107,22","47,87","4,32%","56,72%"
XPHT11,Hotel,"123,00","3,07%","0,00%","1,78",1.133.880.000,0,14,"19.789,30","692,37","3,50%","0,00%"
XPIN11,Logística,"70,23","9,67%","13,33%","0,68",502.174.000,998.206,81,"1.937,16","257,98","13,32%","6,01%"
XPLG11,Logística,"102,21","7,40%","9,55%","0,97",4.090.000.000,6.123.010,23,"3.389,81","212,83","6,28%","3,78%"
XPML11,Shoppings,"110,15","8,58%","9,93%","0,99",6.450.370.000,19.731.200,16,"5.035,68","543,74","10,80%","4,00%"
XPPR11,Escritórios,"12,54","-6,24%","0,00%","0,30",91.744.800,0,2,"2.552,01","422,04","16,54%","43,94%"
XPSF11,Outros,"6,76","12,19%","11,41%","0,83",292.722.000,864.346,0,"0,00","0,00","0,00%","0,00%"
XTED11,Multicategoria,"8,82","11,39%","0,00%","0,58",87.318.000,0,4,"3.547,90","495,27","13,96%","6,55%"
YCHY11,Multicategoria,"1.000,00","-5,29%","0,00%","9,89",4.235.040.000,0,12,"12.634,40","99,19","0,79%","0,00%"
YUFI11,Residencial,"15,00","-2,38%","1,08%","0,33",7.389.750,0,11,"288,89","136,04","47,09%","0,00%"
ZAGH11,Multicategoria,"9,49","7,02%","7,24%","1,05",84.381.900,3.408,1,"2.566,84","249,77","9,73%","0,00%"
ZAVC11,Outros,"8,98","15,42%","16,89%","0,88",32.170.100,37.960,0,"0,00","0,00","0,00%","0,00%"
ZAVI11,Multicategoria,"9,64","12,93%","13,70%","0,71",113.108.000,80.293,9,"1.536,10","205,74","13,39%","0,83%"
ZIFI11,Outros,"900,00","-0,03%","0,00%","0,51",42.736.500,207,0,"0,00","0,00","0,00%","0,00%"
